{"state_model": {"eval_loss": 0.38385313749313354, "eval_accuracy": 0.953125, "eval_precision": 0.9653061224489796, "eval_recall": 0.9639097744360903, "eval_f1": 0.9621489621489622, "eval_runtime": 0.4533, "eval_samples_per_second": 141.181, "eval_steps_per_second": 70.59, "epoch": 16.0}, "average_conf": 0.9708853146304255, "rate_highconf": 0.8869565217391304, "rate_correct": 0.6086956521739131, "samples": 115}