{"state_model": {"eval_loss": 0.5022575855255127, "eval_accuracy": 0.9375, "eval_precision": 0.9379905808477238, "eval_recall": 0.9500654107796966, "eval_f1": 0.941189637430239, "eval_runtime": 0.8792, "eval_samples_per_second": 145.59, "eval_steps_per_second": 72.795, "epoch": 15.0}, "average_conf": 0.9569867872673532, "rate_highconf": 0.8434782608695652, "rate_correct": 0.591304347826087, "samples": 115}