{"state_model": {"eval_loss": 0.43531978130340576, "eval_accuracy": 0.921875, "eval_precision": 0.9661490683229813, "eval_recall": 0.9421052631578947, "eval_f1": 0.9499813911578617, "eval_runtime": 0.4491, "eval_samples_per_second": 142.521, "eval_steps_per_second": 71.26, "epoch": 11.0}, "average_conf": 0.9666664742905161, "rate_highconf": 0.8956521739130435, "rate_correct": 0.4, "samples": 115}