{"state_model": {"eval_loss": 0.5401729941368103, "eval_accuracy": 0.9270833333333334, "eval_precision": 0.9517838483355725, "eval_recall": 0.9385560675883257, "eval_f1": 0.9416615130900846, "eval_runtime": 0.6661, "eval_samples_per_second": 144.13, "eval_steps_per_second": 72.065, "epoch": 13.0}, "average_conf": 0.9524109962193862, "rate_highconf": 0.8608695652173913, "rate_correct": 0.5130434782608696, "samples": 115}