{"state_model": {"eval_loss": 0.41510847210884094, "eval_accuracy": 0.9375, "eval_precision": 0.9727272727272728, "eval_recall": 0.9571428571428572, "eval_f1": 0.9630385487528345, "eval_runtime": 0.2355, "eval_samples_per_second": 135.853, "eval_steps_per_second": 67.926, "epoch": 10.0}, "average_conf": 0.8478334040745444, "rate_highconf": 0.6, "rate_correct": 0.4260869565217391, "samples": 115}