{"state_model": {"eval_loss": 0.5023991465568542, "eval_accuracy": 0.9375, "eval_precision": 0.9730983302411875, "eval_recall": 0.9496240601503759, "eval_f1": 0.9571819425444597, "eval_runtime": 0.4486, "eval_samples_per_second": 142.674, "eval_steps_per_second": 71.337, "epoch": 16.0}, "average_conf": 0.9584709444771642, "rate_highconf": 0.8608695652173913, "rate_correct": 0.591304347826087, "samples": 115}