{"state_model": {"eval_loss": 0.019057681784033775, "eval_accuracy": 0.9968701095461658, "eval_precision": 0.9985843238394259, "eval_recall": 0.9985843238394259, "eval_f1": 0.9985843238394259, "eval_runtime": 4.3486, "eval_samples_per_second": 146.944, "eval_steps_per_second": 73.587, "epoch": 18.0}, "average_conf": 0.9643148645110752, "rate_highconf": 0.8782608695652174, "rate_correct": 0.6173913043478261, "samples": 115}