{"state_model": {"eval_loss": 0.31577983498573303, "eval_accuracy": 0.9375, "eval_precision": 0.9500000000000001, "eval_recall": 0.9571428571428572, "eval_f1": 0.9494331065759638, "eval_runtime": 0.2311, "eval_samples_per_second": 138.452, "eval_steps_per_second": 69.226, "epoch": 10.0}, "average_conf": 0.9610985761103423, "rate_highconf": 0.9391304347826087, "rate_correct": 0.6521739130434783, "samples": 115}