{"state_model": {"eval_loss": 0.47913119196891785, "eval_accuracy": 0.9375, "eval_precision": 0.9538690476190476, "eval_recall": 0.9120583717357912, "eval_f1": 0.9295589203423305, "eval_runtime": 0.6734, "eval_samples_per_second": 142.568, "eval_steps_per_second": 71.284, "epoch": 19.0}, "average_conf": 0.9658860045930614, "rate_highconf": 0.9043478260869565, "rate_correct": 0.4956521739130435, "samples": 115}