{"state_model": {"eval_loss": 0.5142484903335571, "eval_accuracy": 0.921875, "eval_precision": 0.9448051948051948, "eval_recall": 0.9400444793301936, "eval_f1": 0.9373952315367161, "eval_runtime": 0.8781, "eval_samples_per_second": 145.768, "eval_steps_per_second": 72.884, "epoch": 16.0}, "average_conf": 0.9762500923612843, "rate_highconf": 0.9391304347826087, "rate_correct": 0.6086956521739131, "samples": 115}