{"state_model": {"eval_loss": 0.427154004573822, "eval_accuracy": 0.9375, "eval_precision": 0.9500000000000001, "eval_recall": 0.9571428571428572, "eval_f1": 0.9494331065759638, "eval_runtime": 0.2393, "eval_samples_per_second": 133.723, "eval_steps_per_second": 66.861, "epoch": 12.0}, "average_conf": 0.9710114479064942, "rate_highconf": 0.9304347826086956, "rate_correct": 0.6, "samples": 115}