{"state_model": {"eval_loss": 0.009824578650295734, "eval_accuracy": 0.9984350547730829, "eval_precision": 0.9993164730006835, "eval_recall": 0.9992711370262392, "eval_f1": 0.9992920533868849, "eval_runtime": 4.36, "eval_samples_per_second": 146.558, "eval_steps_per_second": 73.394, "epoch": 20.0}, "average_conf": 0.9509957743727643, "rate_highconf": 0.8260869565217391, "rate_correct": 0.46956521739130436, "samples": 115}