{"state_model": {"eval_loss": 0.33891698718070984, "eval_accuracy": 0.9375, "eval_precision": 0.9334641548927263, "eval_recall": 0.9313710099424385, "eval_f1": 0.9282097620192857, "eval_runtime": 0.8966, "eval_samples_per_second": 142.758, "eval_steps_per_second": 71.379, "epoch": 11.0}, "average_conf": 0.8685469972050708, "rate_highconf": 0.6434782608695652, "rate_correct": 0.6782608695652174, "samples": 115}