{"state_model": {"eval_loss": 0.5880153775215149, "eval_accuracy": 0.9166666666666666, "eval_precision": 0.9292080468551057, "eval_recall": 0.90284178187404, "eval_f1": 0.9106357373457857, "eval_runtime": 0.6663, "eval_samples_per_second": 144.073, "eval_steps_per_second": 72.036, "epoch": 15.0}, "average_conf": 0.9266152412995048, "rate_highconf": 0.782608695652174, "rate_correct": 0.46956521739130436, "samples": 115}