{"state_model": {"eval_loss": 0.32550084590911865, "eval_accuracy": 0.9375, "eval_precision": 0.9206599541827857, "eval_recall": 0.9430926216640503, "eval_f1": 0.9304909056048066, "eval_runtime": 0.8835, "eval_samples_per_second": 144.881, "eval_steps_per_second": 72.44, "epoch": 13.0}, "average_conf": 0.9461574012818543, "rate_highconf": 0.8695652173913043, "rate_correct": 0.5478260869565217, "samples": 115}