{"state_model": {"eval_loss": 0.3519522547721863, "eval_accuracy": 0.9375, "eval_precision": 0.9742063492063492, "eval_recall": 0.9563909774436091, "eval_f1": 0.963020163020163, "eval_runtime": 0.4383, "eval_samples_per_second": 146.017, "eval_steps_per_second": 73.009, "epoch": 11.0}, "average_conf": 0.9671184189941572, "rate_highconf": 0.8695652173913043, "rate_correct": 0.5130434782608696, "samples": 115}