{"state_model": {"eval_loss": 0.5637821555137634, "eval_accuracy": 0.921875, "eval_precision": 0.9476760082023239, "eval_recall": 0.928806907378336, "eval_f1": 0.9336345494764798, "eval_runtime": 0.8885, "eval_samples_per_second": 144.056, "eval_steps_per_second": 72.028, "epoch": 19.0}, "average_conf": 0.9322631488675657, "rate_highconf": 0.8173913043478261, "rate_correct": 0.40869565217391307, "samples": 115}