{"state_model": {"eval_loss": 0.2631796598434448, "eval_accuracy": 0.953125, "eval_precision": 0.9653061224489796, "eval_recall": 0.9639097744360903, "eval_f1": 0.9621489621489622, "eval_runtime": 0.4508, "eval_samples_per_second": 141.974, "eval_steps_per_second": 70.987, "epoch": 11.0}, "average_conf": 0.9395245616850646, "rate_highconf": 0.8260869565217391, "rate_correct": 0.6434782608695652, "samples": 115}