{"state_model": {"eval_loss": 0.4814469814300537, "eval_accuracy": 0.9375, "eval_precision": 0.9734673928222316, "eval_recall": 0.9574500768049156, "eval_f1": 0.9637083658600052, "eval_runtime": 0.6663, "eval_samples_per_second": 144.08, "eval_steps_per_second": 72.04, "epoch": 16.0}, "average_conf": 0.9713327527046204, "rate_highconf": 0.9130434782608695, "rate_correct": 0.5043478260869565, "samples": 115}