{"state_model": {"eval_loss": 0.2926289737224579, "eval_accuracy": 0.96875, "eval_precision": 0.987012987012987, "eval_recall": 0.9714285714285714, "eval_f1": 0.9773242630385488, "eval_runtime": 0.2345, "eval_samples_per_second": 136.449, "eval_steps_per_second": 68.225, "epoch": 16.0}, "average_conf": 0.9421040345793185, "rate_highconf": 0.8173913043478261, "rate_correct": 0.6, "samples": 115}