{"state_model": {"eval_loss": 0.4882231652736664, "eval_accuracy": 0.9375, "eval_precision": 0.9558712121212122, "eval_recall": 0.9431643625192013, "eval_f1": 0.9462808401087467, "eval_runtime": 0.6624, "eval_samples_per_second": 144.934, "eval_steps_per_second": 72.467, "epoch": 18.0}, "average_conf": 0.9669813150944917, "rate_highconf": 0.8782608695652174, "rate_correct": 0.391304347826087, "samples": 115}