{"state_model": {"eval_loss": 0.014790168963372707, "eval_accuracy": 0.9968701095461658, "eval_precision": 0.9985843238394259, "eval_recall": 0.9985843238394259, "eval_f1": 0.9985843238394259, "eval_runtime": 4.3391, "eval_samples_per_second": 147.264, "eval_steps_per_second": 73.747, "epoch": 15.0}, "average_conf": 0.946355381478434, "rate_highconf": 0.808695652173913, "rate_correct": 0.6, "samples": 115}