{"state_model": {"eval_loss": 0.0009770287433639169, "eval_accuracy": 1.0, "eval_precision": 1.0, "eval_recall": 1.0, "eval_f1": 1.0, "eval_runtime": 4.3574, "eval_samples_per_second": 146.647, "eval_steps_per_second": 73.438, "epoch": 20.0}, "average_conf": 0.9935958898585776, "rate_highconf": 0.9826086956521739, "rate_correct": 0.3826086956521739, "samples": 115}