{"state_model": {"eval_loss": 0.014176522381603718, "eval_accuracy": 0.9968701095461658, "eval_precision": 0.9985843238394259, "eval_recall": 0.9985843238394259, "eval_f1": 0.9985843238394259, "eval_runtime": 4.3641, "eval_samples_per_second": 146.421, "eval_steps_per_second": 73.325, "epoch": 16.0}, "average_conf": 0.9865732348483541, "rate_highconf": 0.9739130434782609, "rate_correct": 0.48695652173913045, "samples": 115}