{"state_model": {"eval_loss": 0.46568363904953003, "eval_accuracy": 0.9375, "eval_precision": 0.9727272727272728, "eval_recall": 0.9571428571428572, "eval_f1": 0.9630385487528345, "eval_runtime": 0.2359, "eval_samples_per_second": 135.653, "eval_steps_per_second": 67.827, "epoch": 10.0}, "average_conf": 0.892665698217309, "rate_highconf": 0.6869565217391305, "rate_correct": 0.7913043478260869, "samples": 115}